{
  "oliveyoungProduct": [
    {
      "id": 0,
      "company": "플라이밀",
      "title": "플라이밀 대용량 단백질 쉐이크 630g 7종 *2통",
      "price": 67800,
      "salePrice": 57800,
      "score": "4.7",
      "review": "1,234",
      "tag": [{ "name": "찜하기" }, { "name": "오늘드림" }],
      "img": "/productimg/product00.jpg",
      "category": "food"
    },
    {
      "id": 1,
      "company": "토리든",
      "title": "[8월 올영픽/브랜든콜라보] 토리든 다이브인 수딩크림 더블 한정 기획 (100ml+100ml)",
      "price": 42000,
      "salePrice": 28600,
      "score": "4.7",
      "review": "1,234",
      "tag": [{ "name": "세일" }, { "name": "증정" }, { "name": "오늘드림" }],
      "img": "/productimg/product01.jpg",
      "category": "skincare"
    },
    {
      "id": 2,
      "company": "바이오더마",
      "title": "[핸드밤 본품증정/단독선런칭] 바이오더마 시카비오 크림+ 100ml",
      "price": 43000,
      "salePrice": 30960,
      "score": "4.5",
      "review": "987",
      "tag": [{ "name": "증정" }, { "name": "오늘드림" }],
      "img": "/productimg/product02.jpg",
      "category": "skincare"
    },
    {
      "id": 3,
      "company": "어노브",
      "title": "[헤어케어 1위] 어노브 대용량 딥 데미지 트리트먼트 EX 더블/듀오 기획 4종 택1(텐더블룸/웜페탈)",
      "price": 42000,
      "salePrice": 29800,
      "score": "4.6",
      "review": "765",
      "tag": [{ "name": "세일" }, { "name": "오늘드림" }],
      "img": "/productimg/product03.jpg",
      "category": "haircare"
    },
    {
      "id": 4,
      "company": "플라이밀",
      "title": "플라이밀 대용량 단백질 쉐이크 630g 7종 택 1",
      "price": 33900,
      "salePrice": 29400,
      "score": "4.8",
      "review": "1,542",
      "tag": [{ "name": "찜하기" }, { "name": "오늘드림" }],
      "img": "/productimg/product04.jpg",
      "category": "food"
    },
    {
      "id": 5,
      "company": "토리든",
      "title": "[8월 올영픽/단독기획] 토리든 다이브인 저분자 히알루론산 세럼 50ml 리필기획(+리필팩 50ml)",
      "price": 36000,
      "salePrice": 24200,
      "score": "4.7",
      "review": "1,456",
      "tag": [{ "name": "세일" }, { "name": "증정" }, { "name": "오늘드림" }],
      "img": "/productimg/product05.jpg",
      "category": "skincare"
    },
    {
      "id": 6,
      "company": "메디힐",
      "title": "[35관왕] 메디힐 네모 패드 100매 7종 택 1",
      "price": 26000,
      "salePrice": 17900,
      "score": "4.9",
      "review": "2,876",
      "tag": [{ "name": "세일" }, { "name": "오늘드림" }],
      "img": "/productimg/product06.jpg",
      "category": "skincare"
    },
    {
      "id": 7,
      "company": "바이오더마",
      "title": "[10ml 증정/품절 재입고]바이오더마 시카비오 포마드 100ml",
      "price": 38000,
      "salePrice": 27900,
      "score": "4.8",
      "review": "10,313",
      "tag": [{ "name": "쿠폰" }, { "name": "증정" }, { "name": "오늘드림" }],
      "img": "/productimg/product07.jpg",
      "category": "skincare"
    },
    {
      "id": 8,
      "company": "마스터바이옴",
      "title": "[8월 올영픽] 지노마스터 50억보장 질유산균 1개월분",
      "price": 41000,
      "salePrice": 26500,
      "score": "5.0",
      "review": "4,401",
      "tag": [{ "name": "세일" }, { "name": "오늘드림" }],
      "img": "/productimg/product08.jpg",
      "category": "food"
    },
    {
      "id": 9,
      "company": "브링그린",
      "title": "브링그린 알로에99% 수딩젤 300ml+300ml 더블기획",
      "price": 13600,
      "salePrice": 12200,
      "score": "4.8",
      "review": "20,353",
      "tag": [{ "name": "세일" }, { "name": "증정" }, { "name": "오늘드림" }],
      "img": "/productimg/product09.jpg",
      "category": "sunkcare"
    },
    {
      "id": 10,
      "company": "메디힐",
      "title": "[6년연속1위] 메디힐 에센셜 마스크팩 1매 6종 택1",
      "price": 2000,
      "salePrice": 1000,
      "score": "4.9",
      "review": "95,872",
      "tag": [{ "name": "세일" }, { "name": "오늘드림" }],
      "img": "/productimg/product10.jpg",
      "category": "maskpack"
    },
    {
      "id": 11,
      "company": "아이오페",
      "title": "[모공탄력] 아이오페 레티놀 슈퍼 바운스 세럼 30ml 기획(+세럼 10ml+스템3크림15ml*2)",
      "price": 50000,
      "salePrice": 40500,
      "score": "4.9",
      "review": "5,750",
      "tag": [{ "name": "세일" }, { "name": "증정" }, { "name": "오늘드림" }],
      "img": "/productimg/product11.jpg",
      "category": "skincare"
    },
    {
      "id": 12,
      "company": "아누아",
      "title": "[8월 올영픽/스누피키링증정]아누아 어성초 77 수딩 토너 500ml 스누피 한정 기획세트",
      "price": 45000,
      "salePrice": 30000,
      "score": "4.8",
      "review": "11,882",
      "tag": [{ "name": "세일" }, { "name": "오늘드림" }],
      "img": "/productimg/product12.jpg",
      "category": "skincare"
    },
    {
      "id": 13,
      "company": "익스트림",
      "title": "[8/12 하루특가/김종국PICK]익스트림 아르기닌 젤리스틱 5000mg*14포(2주분)",
      "price": 19900,
      "salePrice": 19300,
      "score": "5.0",
      "review": "8",
      "tag": [{ "name": "세일" }, { "name": "오늘드림" }],
      "img": "/productimg/product13.jpg",
      "category": "food"
    },
    {
      "id": 14,
      "company": "구달",
      "title": "[구달X먼작귀][리필기획] 구달 청귤 비타C 잡티케어 세럼 50ml 콜라보기획 (50ml+50ml리필+파우치)",
      "price": 43000,
      "salePrice": 30900,
      "score": "4.8",
      "review": "26,798",
      "tag": [{ "name": "세일" }, { "name": "증정" }, { "name": "오늘드림" }],
      "img": "/productimg/product14.jpg",
      "category": "skincare"
    },
    {
      "id": 15,
      "company": "바이오던스",
      "title": "[원조겔팩] 바이오던스 바이오 콜라겐 리얼 딥 마스크 16매",
      "price": 80000,
      "salePrice": 62900,
      "score": "4.7",
      "review": "4,560",
      "tag": [{ "name": "세일" }, { "name": "오늘드림" }],
      "img": "/productimg/product15.jpg",
      "category": "maskpack"
    },
    {
      "id": 16,
      "company": "일소",
      "title": "[8월 올영픽/피지클리너] 일소 슈퍼 멜팅 세범 소프트너 150ml 기획 (+솜 40매 증정)",
      "price": 21000,
      "salePrice": 17900,
      "score": "4.7",
      "review": "5,133",
      "tag": [{ "name": "세일" }, { "name": "오늘드림" }],
      "img": "/productimg/product16.jpg",
      "category": "cleansing"
    },
    {
      "id": 17,
      "company": "비플레인",
      "title": "[8월 올영픽/모공세정] 비플레인X조구만 녹두 약산성 클렌징폼 더블 기획 (160ml+160ml)",
      "price": 26000,
      "salePrice": 23900,
      "score": "4.9",
      "review": "3,788",
      "tag": [{ "name": "세일" }, { "name": "증정" }, { "name": "오늘드림" }],
      "img": "/productimg/product17.jpg",
      "category": "cleansing"
    },
    {
      "id": 18,
      "company": "VDL",
      "title": "[8월 올영픽] VDL 커버스테인 퍼펙팅 파운데이션 30ml (+휴대용파데, 퍼프기획/ 단품)",
      "price": 30000,
      "salePrice": 24000,
      "score": "4.7",
      "review": "3,977",
      "tag": [{ "name": "세일" }, { "name": "증정" }, { "name": "오늘드림" }],
      "img": "/productimg/product18.jpg",
      "category": "makeup"
    },
    {
      "id": 19,
      "company": "에스네이처",
      "title": "[8월올영픽/수분천재크림] 에스네이처 아쿠아 스쿠알란 수분크림 60ml 더블 기획 (60ml+60ml+카밍패드 2매)",
      "price": 43000,
      "salePrice": 21300,
      "score": "4.8",
      "review": "24,055",
      "tag": [{ "name": "세일" }, { "name": "오늘드림" }],
      "img": "/productimg/product19.jpg",
      "category": "skincare"
    },
    {
      "id": 20,
      "company": "풀리오",
      "title": "풀리오 종아리 마사지기 V3",
      "price": 159000,
      "salePrice": 149000,
      "score": "4.6",
      "review": "88",
      "tag": [{ "name": "세일" }, { "name": "오늘드림" }],
      "img": "/productimg/product20.jpg",
      "category": "bodycare"
    },
    {
      "id": 21,
      "company": "투크",
      "title": "[8월 올영픽/NEW컬러] 투크 워터프루프 슬림 아이라이너 15colors",
      "price": 13900,
      "salePrice": 12500,
      "score": "4.7",
      "review": "16,385",
      "tag": [{ "name": "세일" }, { "name": "오늘드림" }],
      "img": "/productimg/product21.jpg",
      "category": "makeup"
    },
    {
      "id": 22,
      "company": "마녀공장",
      "title": "[3년 연속 1위]마녀공장X미니언즈 퓨어 클렌징오일 300ml 기획 (+25ml+쉐이커 키링)",
      "price": 25000,
      "salePrice": 19900,
      "score": "4.8",
      "review": "2,200",
      "tag": [{ "name": "세일" }, { "name": "증정" }, { "name": "오늘드림" }],
      "img": "/productimg/product22.jpg",
      "category": "cleansing"
    },
    {
      "id": 23,
      "company": "토리든",
      "title": "[8월 올영픽/브랜든콜라보] 토리든 다이브인 수딩크림 더블 한정 기획 (100ml+100ml)",
      "price": 42000,
      "salePrice": 28600,
      "score": "4.7",
      "review": "1,800",
      "tag": [
        { "name": "세일" },
        { "name": "쿠폰" },
        { "name": "증정" },
        { "name": "오늘드림" }
      ],
      "img": "/productimg/product23.jpg",
      "category": "skincare"
    },
    {
      "id": 24,
      "company": "메디힐",
      "title": "[35관왕] 메디힐 네모 패드 100매 7종 택 1",
      "price": 26000,
      "salePrice": 17900,
      "score": "4.9",
      "review": "3,100",
      "tag": [{ "name": "세일" }, { "name": "오늘드림" }],
      "img": "/productimg/product24.jpg",
      "category": "skincare"
    },
    {
      "id": 25,
      "company": "에스네이처",
      "title": "[8월올영픽/수분천재크림] 에스네이처 아쿠아 스쿠알란 수분크림 60ml 더블 기획 (60ml+60ml+카밍패드 2매)",
      "price": 43000,
      "salePrice": 21300,
      "score": "4.8",
      "review": "2,500",
      "tag": [{ "name": "세일" }, { "name": "쿠폰" }, { "name": "오늘드림" }],
      "img": "/productimg/product25.jpg",
      "category": "skincare"
    },
    {
      "id": 26,
      "company": "VT",
      "title": "[아랑Pick/1등에센스] VT 리들샷 100 에센스 50ml 기획/단품",
      "price": 32000,
      "salePrice": 24600,
      "score": "4.7",
      "review": "1,600",
      "tag": [{ "name": "세일" }, { "name": "오늘드림" }],
      "img": "/productimg/product26.jpg",
      "category": "skincare"
    },
    {
      "id": 27,
      "company": "비플레인",
      "title": "[8월 올영픽/모공세정] 비플레인X조구만 녹두 약산성 클렌징폼 더블 기획 (160ml+160ml)",
      "price": 26000,
      "salePrice": 23900,
      "score": "4.8",
      "review": "1,900",
      "tag": [{ "name": "세일" }, { "name": "증정" }, { "name": "오늘드림" }],
      "img": "/productimg/product27.jpg",
      "category": "cleansing"
    },
    {
      "id": 28,
      "company": "라엘",
      "title": "라엘 유기농 순면커버 입는오버나이트 6종 택1",
      "price": 7900,
      "salePrice": 7900,
      "score": "4.9",
      "review": "4,500",
      "tag": [{ "name": "1+1" }, { "name": "오늘드림" }],
      "img": "/productimg/product28.jpg",
      "category": "food"
    },
    {
      "id": 29,
      "company": "에뛰드",
      "title": "[8월 올영픽/민스코 공동개발 홋수 추가] 에뛰드 컬 픽스 마스카라_4 Colors",
      "price": 16000,
      "salePrice": 12800,
      "score": "4.7",
      "review": "3,200",
      "tag": [{ "name": "세일" }, { "name": "증정" }, { "name": "오늘드림" }],
      "img": "/productimg/product29.jpg",
      "category": "makeup"
    },
    {
      "id": 30,
      "company": "파티온",
      "title": "[대용량/단독기획] 파티온 노스카나인 트러블 세럼 기획 (50ml+15ml)",
      "price": 38000,
      "salePrice": 28500,
      "score": "4.8",
      "review": "2,800",
      "tag": [{ "name": "세일" }, { "name": "오늘드림" }],
      "img": "/productimg/product30.jpg",
      "category": "skincare"
    },
    {
      "id": 31,
      "company": "넘버즈인",
      "title": "[모공세럼]넘버즈인 3번 보들보들 결 세럼 50ml 리필기획(50ml+50ml)",
      "price": 38000,
      "salePrice": 28500,
      "score": "4.9",
      "review": "3,400",
      "tag": [{ "name": "세일" }, { "name": "오늘드림" }],
      "img": "/productimg/product31.jpg",
      "category": "skincare"
    },
    {
      "id": 32,
      "company": "차앤박",
      "title": "차앤박(CNP) 프로폴리스 액티브 앰플 30ml 더블 기획 (뵈르뵈르 콜라보)",
      "price": 50000,
      "salePrice": 32900,
      "score": "4.8",
      "review": "2,100",
      "tag": [
        { "name": "세일" },
        { "name": "쿠폰" },
        { "name": "증정" },
        { "name": "오늘드림" }
      ],
      "img": "/productimg/product32.jpg",
      "category": "skincare"
    },
    {
      "id": 33,
      "company": "헤라",
      "title": "[선착순 하이라이터 포함 3종 증정] 헤라 블랙 쿠션 파운데이션 (본품15g+리필15g)",
      "price": 74000,
      "salePrice": 66600,
      "score": "4.8",
      "review": "3,500",
      "tag": [{ "name": "쿠폰" }, { "name": "증정" }, { "name": "오늘드림" }],
      "img": "/productimg/product33.jpg",
      "category": "makeup"
    },
    {
      "id": 34,
      "company": "라로슈포제",
      "title": "라로슈포제 시카플라스트 멀티 리페어 크림 B5 100ml 기획 (+3ml*2 추가증정)",
      "price": 49000,
      "salePrice": 34900,
      "score": "4.8",
      "review": "3,800",
      "tag": [{ "name": "쿠폰" }, { "name": "증정" }, { "name": "오늘드림" }],
      "img": "/productimg/product34.jpg",
      "category": "skincare"
    },
    {
      "id": 35,
      "company": "구달",
      "title": "[구달X먼작귀][리필기획] 구달 청귤 비타C 잡티케어 패드 콜라보기획 (70매+70매리필+휴대용케이스)",
      "price": 38000,
      "salePrice": 25900,
      "score": "4.8",
      "review": "2,900",
      "tag": [{ "name": "세일" }, { "name": "쿠폰" }, { "name": "오늘드림" }],
      "img": "/productimg/product35.jpg",
      "category": "skincare"
    },
    {
      "id": 36,
      "company": "에딧비",
      "title": "[화잘먹 보라톤업] 에딧비 선데이 톤업 선세럼 55ml [SPF50+ PA++++]",
      "price": 25000,
      "salePrice": 17500,
      "score": "4.7",
      "review": "1,500",
      "tag": [{ "name": "세일" }, { "name": "증정" }, { "name": "오늘드림" }],
      "img": "/productimg/product36.jpg",
      "category": "skincare"
    },
    {
      "id": 37,
      "company": "플라이밀",
      "title": "플라이밀 단백질 쉐이크 45g*7포입 6종 택 1",
      "price": 28000,
      "salePrice": 28000,
      "score": "4.8",
      "review": "3,468",
      "tag": [{ "name": "세일" }, { "name": "오늘드림" }],
      "img": "/productimg/product37.jpg",
      "category": "food"
    },
    {
      "id": 38,
      "company": "아이오페",
      "title": "[하루특가] 아이오페 스템3 2종세트 (소프너150ml+에멀젼150ml)",
      "price": 86000,
      "salePrice": 55040,
      "score": "4.9",
      "review": "203",
      "tag": [{ "name": "세일" }, { "name": "증정" }, { "name": "오늘드림" }],
      "img": "/productimg/product38.jpg",
      "category": "skincare"
    },
    {
      "id": 39,
      "company": "바이오더마",
      "title": "[립앤아이 18ml증정]바이오더마 센시비오 H2O 500ml(클렌징 워터)",
      "price": 27000,
      "salePrice": 18900,
      "score": "4.9",
      "review": "57,004",
      "tag": [{ "name": "세일" }, { "name": "증정" }, { "name": "오늘드림" }],
      "img": "/productimg/product39.jpg",
      "category": "themocoms"
    },
    {
      "id": 40,
      "company": "프롬리에",
      "title": "프롬리에 비건 EGF 시카 선앰플 56ml 2종(보송/워터)",
      "price": 33000,
      "salePrice": 17800,
      "score": "4.9",
      "review": "582",
      "tag": [{ "name": "세일" }, { "name": "증정" }, { "name": "오늘드림" }],
      "img": "/productimg/product40.jpg",
      "category": "skincare"
    },
    {
      "id": 41,
      "company": "딜라이트 프로젝트",
      "title": "[온라인단독] 딜라이트 프로젝트 베이글칩 5입 컬렉션",
      "price": 13000,
      "salePrice": 8900,
      "score": "4.8",
      "review": "3.468",
      "tag": [{ "name": "세일" }, { "name": "오늘드림" }],
      "img": "/productimg/product41.jpg",
      "category": "food"
    },
    {
      "id": 42,
      "company": "토리든",
      "title": "[8월 올영픽/단독기획] 토리든 다이브인 저분자 히알루론산 토너 500ml 기획 (+화장솜 60매 증정)",
      "price": 29000,
      "salePrice": 19000,
      "score": "4.8",
      "review": "12.166",
      "tag": [{ "name": "세일" }, { "name": "증정" }, { "name": "오늘드림" }],
      "img": "/productimg/product42.jpg",
      "category": "skincare"
    },
    {
      "id": 43,
      "company": "웰라쥬",
      "title": "[단독/더블기획] 웰라쥬 리얼 히알루로닉 블루 100 앰플 75ml 1+1 기획",
      "price": 46000,
      "salePrice": 29900,
      "score": "4.8",
      "review": "17.276",
      "tag": [{ "name": "세일" }, { "name": "오늘드림" }],
      "img": "/productimg/product43.jpg",
      "category": "skincare"
    },
    {
      "id": 44,
      "company": "브링그린",
      "title": "[NEW 최초 대용량] 브링그린 징크테카트러블세럼 50mL기획(리필25mL+티트리액티베이터2g)",
      "price": 56100,
      "salePrice": 29800,
      "score": "4.7",
      "review": "8.222",
      "tag": [{ "name": "세일" }, { "name": "오늘드림" }],
      "img": "/productimg/product44.jpg",
      "category": "skincare"
    },
    {
      "id": 45,
      "company": "비클리닉스",
      "title": "[8/12 하루특가] 비클리닉스 PHA 5% 스킨 폴리싱 바디로션 300ml (+100ml 증정)",
      "price": 27500,
      "salePrice": 20900,
      "score": "4.8",
      "review": "210",
      "tag": [{ "name": "세일" }, { "name": "증정" }, { "name": "오늘드림" }],
      "img": "/productimg/product45.jpg",
      "category": "bodycare"
    },
    {
      "id": 46,
      "company": "닥터지",
      "title": "[굿즈증정/1+1]닥터지 레드 블레미쉬 클리어 수딩 크림 70ml 1+1 기획",
      "price": 38000,
      "salePrice": 28800,
      "score": "4.8",
      "review": "21.877",
      "tag": [{ "name": "세일" }, { "name": "오늘드림" }],
      "img": "/productimg/product46.jpg",
      "category": "skincare"
    },
    {
      "id": 47,
      "company": "구달",
      "title": "[구달X먼작귀][1+1기획] 구달 맑은 어성초 진정 수분 선크림 50ml 1+1기획 (50ml+50ml+스티커)",
      "price": 20000,
      "salePrice": 16900,
      "score": "4.9",
      "review": "8,386",
      "tag": [{ "name": "세일" }, { "name": "증정" }, { "name": "오늘드림" }],
      "img": "/productimg/product47.jpg",
      "category": "suncare"
    },
    {
      "id": 48,
      "company": "롬앤",
      "title": "롬앤 쥬시 래스팅 틴트",
      "price": 9900,
      "salePrice": 8900,
      "score": "4.2",
      "review": "23,903",
      "tag": [{ "name": "세일" }, { "name": "증정" }, { "name": "오늘드림" }],
      "img": "/productimg/product48.jpg",
      "category": "makeup"
    },
    {
      "id": 49,
      "company": "넘버즈인",
      "title": "[모공세럼]넘버즈인 3번 보들보들 결 세럼 50ml 리필기획(50ml+50ml)",
      "price": 38000,
      "salePrice": 28500,
      "score": "4.8",
      "review": "33.935",
      "tag": [{ "name": "세일" }, { "name": "오늘드림" }],
      "img": "/productimg/product49.jpg",
      "category": "skincare"
    },
    {
      "id": 50,
      "company": "라로슈포제",
      "title": "라로슈포제 시카플라스트 밤 B5+ 100ml 기획 (+3ml 추가증정)",
      "price": 39000,
      "salePrice": 33350,
      "score": "4.8",
      "review": "16.250",
      "tag": [{ "name": "세일" }, { "name": "증정" }, { "name": "오늘드림" }],
      "img": "/productimg/product50.jpg",
      "category": "themocoms"
    },
    {
      "id": 51,
      "company": "메디힐",
      "title": "[35관왕] 메디힐 패드 100매 +100매 더블 기획 7종 택 1",
      "price": 39900,
      "salePrice": 28400,
      "score": "4.7",
      "review": "19.038",
      "tag": [{ "name": "세일" }, { "name": "증정" }, { "name": "오늘드림" }],
      "img": "/productimg/product51.jpg",
      "category": "maskpack"
    },
    {
      "id": 52,
      "company": "파넬",
      "title": "파넬 시카마누 세럼쿠션 기획(본품+리필)",
      "price": 37000,
      "salePrice": 33300,
      "score": "4.6",
      "review": "1,500",
      "tag": [{ "name": "쿠폰" }, { "name": "오늘드림" }],
      "img": "/productimg/product52.jpg",
      "category": "makeup"
    },
    {
      "id": 53,
      "company": "에이프릴스킨",
      "title": "[신규컬러 추가]에이프릴스킨 히어로 쿠션(본품+리필)",
      "price": 33000,
      "salePrice": 23100,
      "score": "4.7",
      "review": "2,200",
      "tag": [{ "name": "세일" }, { "name": "오늘드림" }],
      "img": "/productimg/product53.jpg",
      "category": "makeup"
    },
    {
      "id": 54,
      "company": "코스노리",
      "title": "[8월올영픽/이유정 PICK] 코스노리 화이트닝 드레스 비건 톤업크림 기획 (파우더 팩트 본품 증정)",
      "price": 20000,
      "salePrice": 16000,
      "score": "4.8",
      "review": "1,800",
      "tag": [{ "name": "세일" }, { "name": "오늘드림" }],
      "img": "/productimg/product54.jpg",
      "category": "makeup"
    },
    {
      "id": 55,
      "company": "더샘",
      "title": "[1등 컨실러] 더샘 커버 퍼펙션 트리플 팟 컨실러 5colors",
      "price": 12000,
      "salePrice": 12000,
      "score": "4.9",
      "review": "3,000",
      "tag": [{ "name": "오늘드림" }],
      "img": "/productimg/product55.jpg",
      "category": "makeup"
    },
    {
      "id": 56,
      "company": "클리오",
      "title": "[진훤PICK] 클리오 크리스탈 글램 틴트 기획/단품",
      "price": 18000,
      "salePrice": 12600,
      "score": "4.8",
      "review": "2,000",
      "tag": [{ "name": "세일" }, { "name": "오늘드림" }],
      "img": "/productimg/product56.jpg",
      "category": "makeup"
    },
    {
      "id": 57,
      "company": "헤라",
      "title": "[선착순 하이라이터 포함 3종 증정] 헤라 실키 스테이 24H 롱웨어파운데이션 30g",
      "price": 70000,
      "salePrice": 63000,
      "score": "4.7",
      "review": "2,700",
      "tag": [{ "name": "쿠폰" }, { "name": "증정" }, { "name": "오늘드림" }],
      "img": "/productimg/product57.jpg",
      "category": "makeup"
    },
    {
      "id": 58,
      "company": "키스미",
      "title": "[1+1 기획] 키스미 스무스 리퀴드 아이라이너 N 3종 1+1 한정기획",
      "price": 18000,
      "salePrice": 17700,
      "score": "4.8",
      "review": "1,900",
      "tag": [{ "name": "세일" }, { "name": "오늘드림" }],
      "img": "/productimg/product58.jpg",
      "category": "makeup"
    },
    {
      "id": 59,
      "company": "하트퍼센트",
      "title": "하트퍼센트 도트 온 무드 립펜슬 20colors",
      "price": 14000,
      "salePrice": 14000,
      "score": "4.7",
      "review": "1,600",
      "tag": [{ "name": "오늘드림" }],
      "img": "/productimg/product59.jpg",
      "category": "makeup"
    },
    {
      "id": 60,
      "company": "바이오더마",
      "title": "[한정기획]바이오더마 센시비오 H2O eye 125ml 기획(+센시비오 클렌징 워터 100ml)",
      "price": 18000,
      "salePrice": 15300,
      "score": "4.8",
      "review": "1,200",
      "tag": [{ "name": "쿠폰" }, { "name": "증정" }, { "name": "오늘드림" }],
      "img": "/productimg/product60.jpg",
      "category": "cleansing"
    },
    {
      "id": 61,
      "company": "라운드랩",
      "title": "[저자극/약산성] 라운드랩 1025 독도 클렌저 200ml 더블 기획",
      "price": 28000,
      "salePrice": 23500,
      "score": "4.7",
      "review": "1,500",
      "tag": [{ "name": "세일" }, { "name": "오늘드림" }],
      "img": "/productimg/product61.jpg",
      "category": "cleansing"
    },
    {
      "id": 62,
      "company": "넘버즈인",
      "title": "[더블기획] 넘버즈인 3번 쌀누룩 효소사우나 고마쥬폼 더블 기획 (170ml+170ml)",
      "price": 26000,
      "salePrice": 23400,
      "score": "4.8",
      "review": "1,800",
      "tag": [{ "name": "세일" }, { "name": "오늘드림" }],
      "img": "/productimg/product62.jpg",
      "category": "cleansing"
    },
    {
      "id": 63,
      "company": "메디필",
      "title": "[모공딥클렌저] 메디필 레드 락토 콜라겐 클리어 폼 2.0",
      "price": 24000,
      "salePrice": 13200,
      "score": "4.9",
      "review": "2,000",
      "tag": [{ "name": "세일" }, { "name": "오늘드림" }],
      "img": "/productimg/product63.jpg",
      "category": "cleansing"
    },
    {
      "id": 64,
      "company": "아벤느",
      "title": "아벤느 클리낭스 클렌징 젤 200ml 더블 기획 (200ml+200ml)",
      "price": 33000,
      "salePrice": 22900,
      "score": "4.8",
      "review": "1,600",
      "tag": [{ "name": "세일" }, { "name": "증정" }, { "name": "오늘드림" }],
      "img": "/productimg/product64.jpg",
      "category": "cleansing"
    },
    {
      "id": 65,
      "company": "라씨엘르",
      "title": "[단독증량기획] 라씨엘르 엔자임 곡물 클렌징 파우더워시 기획 (본품60g + 10g 추가 증정)",
      "price": 24000,
      "salePrice": 16800,
      "score": "4.7",
      "review": "1,400",
      "tag": [{ "name": "세일" }, { "name": "오늘드림" }],
      "img": "/productimg/product65.jpg",
      "category": "cleansing"
    },
    {
      "id": 66,
      "company": "몰바니",
      "title": "[고민시 PICK]몰바니 저자극 LHA 율피 젤 클렌저 200ml",
      "price": 28000,
      "salePrice": 22400,
      "score": "4.8",
      "review": "1,800",
      "tag": [{ "name": "세일" }, { "name": "오늘드림" }],
      "img": "/productimg/product66.jpg",
      "category": "cleansing"
    },
    {
      "id": 67,
      "company": "라로슈포제",
      "title": "라로슈포제 똘러리앙 포밍클렌저 125ml 기획 (+시카밤 3ml 증정)",
      "price": 29000,
      "salePrice": 22040,
      "score": "4.7",
      "review": "1,700",
      "tag": [{ "name": "세일" }, { "name": "증정" }, { "name": "오늘드림" }],
      "img": "/productimg/product67.jpg",
      "category": "cleansing"
    },
    {
      "id": 68,
      "company": "아임프롬",
      "title": "[셔누PICK]아임프롬 피그 스크럽 마스크100g (+100g 더블기획)",
      "price": 36000,
      "salePrice": 25200,
      "score": "4.8",
      "review": "1,500",
      "tag": [
        { "name": "세일" },
        { "name": "쿠폰" },
        { "name": "증정" },
        { "name": "오늘드림" }
      ],
      "img": "/productimg/product68.jpg",
      "category": "maskpack"
    },
    {
      "id": 69,
      "company": "아누아",
      "title": "[2주집중] 아누아 어성초 77 모공쫀쫀 패드 리필 기획 (70+70매 리필)",
      "price": 45000,
      "salePrice": 31500,
      "score": "4.7",
      "review": "1,200",
      "tag": [{ "name": "세일" }, { "name": "오늘드림" }],
      "img": "/productimg/product69.jpg",
      "category": "maskpack"
    },
    {
      "id": 70,
      "company": "아비브",
      "title": "아비브 약산성 pH 시트 마스크 핏 1매 5종 중 택1",
      "price": 4000,
      "salePrice": 2400,
      "score": "4.6",
      "review": "2,000",
      "tag": [{ "name": "세일" }, { "name": "오늘드림" }],
      "img": "/productimg/product70.jpg",
      "category": "maskpack"
    },
    {
      "id": 71,
      "company": "메디힐",
      "title": "[NEW] 메디힐 마데카소사이드 에센셜 마스크 흔적 리페어 1매",
      "price": 2000,
      "salePrice": 1000,
      "score": "4.9",
      "review": "3,500",
      "tag": [{ "name": "세일" }, { "name": "오늘드림" }],
      "img": "/productimg/product71.jpg",
      "category": "maskpack"
    },
    {
      "id": 72,
      "company": "일소",
      "title": "일소 네추럴 마일드 클리어 노우즈 팩 5매입",
      "price": 12900,
      "salePrice": 10000,
      "score": "4.7",
      "review": "1,800",
      "tag": [{ "name": "오늘드림" }],
      "img": "/productimg/product72.jpg",
      "category": "maskpack"
    },
    {
      "id": 73,
      "company": "한율",
      "title": "[부들밤]한율 부들밤 말끔/깔끔 모공팩 100ml (15ml+모공패드 4매)기획 택1",
      "price": 27000,
      "salePrice": 21600,
      "score": "4.8",
      "review": "1,900",
      "tag": [{ "name": "세일" }, { "name": "증정" }, { "name": "오늘드림" }],
      "img": "/productimg/product73.jpg",
      "category": "maskpack"
    },
    {
      "id": 74,
      "company": "잇츠스킨",
      "title": "[쿨링/진정]잇츠스킨 파워10포뮬라 엘아이 젤리패드 130매(+도라에몽 파우치 증정기획)",
      "price": 39000,
      "salePrice": 23400,
      "score": "4.7",
      "review": "1,400",
      "tag": [{ "name": "세일" }, { "name": "쿠폰" }, { "name": "오늘드림" }],
      "img": "/productimg/product74.jpg",
      "category": "maskpack"
    },
    {
      "id": 75,
      "company": "팻다운",
      "title": "[앨리스펑크 PICK] CJ 팻다운 슬리밍샷 5+1입 기획 (6일분)",
      "price": 16900,
      "salePrice": 12600,
      "score": "4.5",
      "review": "1,100",
      "tag": [{ "name": "쿠폰" }, { "name": "오늘드림" }],
      "img": "/productimg/product75.jpg",
      "category": "food"
    },
    {
      "id": 76,
      "company": "푸드올로지",
      "title": "[서현PICK] 콜레올로지 600mg*30정 (15일분)",
      "price": 22900,
      "salePrice": 17400,
      "score": "4.6",
      "review": "950",
      "tag": [{ "name": "세일" }, { "name": "쿠폰" }, { "name": "오늘드림" }],
      "img": "/productimg/product76.jpg",
      "category": "food"
    },
    {
      "id": 77,
      "company": "푸드올로지",
      "title": "[서현PICK]콜레올로지 버닝올로지 디데이 3.8g*5포 (5일분)",
      "price": 18900,
      "salePrice": 15680,
      "score": "4.7",
      "review": "800",
      "tag": [{ "name": "세일" }, { "name": "쿠폰" }, { "name": "오늘드림" }],
      "img": "/productimg/product77.jpg",
      "category": "food"
    },
    {
      "id": 78,
      "company": "클리오",
      "title": "[NEW] 클리오 글래스 앤 하이라이터",
      "price": 20000,
      "salePrice": 14000,
      "score": "4.6",
      "review": "1,200",
      "tag": [{ "name": "세일" }, { "name": "오늘드림" }],
      "img": "/productimg/product78.jpg",
      "category": "makeup"
    },
    {
      "id": 79,
      "company": "어반디케이",
      "title": "[1+1/올영단독] 어반디케이 올나이터 세팅 픽서 오리지널 118ml + 118ml 단독 기획",
      "price": 46000,
      "salePrice": 43700,
      "score": "4.8",
      "review": "3,200",
      "tag": [{ "name": "세일" }, { "name": "오늘드림" }],
      "img": "/productimg/product79.jpg",
      "category": "makeup"
    },
    {
      "id": 80,
      "company": "어반디케이",
      "title": "[8월 올영픽] 어반디케이 올나이터 세팅 픽서 오리지널 30ml",
      "price": 25000,
      "salePrice": 17500,
      "score": "4.5",
      "review": "1,500",
      "tag": [{ "name": "세일" }, { "name": "오늘드림" }],
      "img": "/productimg/product80.jpg",
      "category": "makeup"
    },
    {
      "id": 81,
      "company": "코링코",
      "title": "[8월올영픽/속눈썹입문자추천] 코링코 톡톡하라 속눈썹 30종 중 택1 ",
      "price": 6000,
      "salePrice": 5500,
      "score": "4.3",
      "review": "800",
      "tag": [{ "name": "세일" }, { "name": "오늘드림" }],
      "img": "/productimg/product81.jpg",
      "category": "makeup"
    },
    {
      "id": 82,
      "company": "코링코",
      "title": "[NEW] 코링코 샤밤샤밤 로맨틱 글리터 6colors",
      "price": 11000,
      "salePrice": 11000,
      "score": "4.7",
      "review": "1,200",
      "tag": [{ "name": "오늘드림" }],
      "img": "/productimg/product82.jpg",
      "category": "makeup"
    },
    {
      "id": 83,
      "company": "오프라 코스메틱",
      "title": "[8/19 단하루특가/백송민PICK] 오프라 코스메틱 미니 하이라이터 3g 8종 택 1",
      "price": 33000,
      "salePrice": 27400,
      "score": "4.6",
      "review": "1,000",
      "tag": [{ "name": "세일" }, { "name": "오늘드림" }],
      "img": "/productimg/product83.jpg",
      "category": "makeup"
    },
    {
      "id": 84,
      "company": "오프라 코스메틱",
      "title": "[백송민 PICK] 오프라 코스메틱 믹스 하이라이터 7g 올 오브 더 라이츠",
      "price": 56000,
      "salePrice": 53200,
      "score": "4.8",
      "review": "500",
      "tag": [{ "name": "오늘드림" }],
      "img": "/productimg/product84.jpg",
      "category": "makeup"
    },
    {
      "id": 85,
      "company": "코스노리",
      "title": "[8월올영픽/이유정 PICK] 코스노리 아이래쉬 틴팅 세럼 비건 블랙 속눈썹영양제 기획",
      "price": 16000,
      "salePrice": 13600,
      "score": "4.7",
      "review": "1,200",
      "tag": [{ "name": "세일" }, { "name": "오늘드림" }],
      "img": "/productimg/product85.jpg",
      "category": "makeup"
    },
    {
      "id": 86,
      "company": "이지듀",
      "title": "[8월 올영픽] 대웅제약 이지듀 기미잡티앰플 12ml CBA기획 (+비타C앰플 3ml+레티노크림 1ml)",
      "price": 49000,
      "salePrice": 30300,
      "score": "4.7",
      "review": "1,350",
      "tag": [{ "name": "세일" }, { "name": "증정" }, { "name": "오늘드림" }],
      "img": "/productimg/product86.jpg",
      "category": "skincare"
    },
    {
      "id": 87,
      "company": "이지듀",
      "title": "[여름피부SOS] 이지듀 DW-EGF 멜라라필 LHA 원데이 프로그램",
      "price": 15000,
      "salePrice": 10800,
      "score": "4.6",
      "review": "940",
      "tag": [{ "name": "세일" }, { "name": "증정" }, { "name": "오늘드림" }],
      "img": "/productimg/product87.jpg",
      "category": "skincare"
    },
    {
      "id": 88,
      "company": "닥터지",
      "title": "[8월 올영픽][뽀송톤업선크림/1+1]닥터지 브라이트닝 업 선 플러스 50ml 1+1 카카오프렌즈 콜라보 기획",
      "price": 32000,
      "salePrice": 25500,
      "score": "4.8",
      "review": "1,560",
      "tag": [{ "name": "세일" }, { "name": "증정" }, { "name": "오늘드림" }],
      "img": "/productimg/product88.jpg",
      "category": "skincare"
    },
    {
      "id": 89,
      "company": "유이크",
      "title": "유이크 바이옴 레미디 수분 선크림 50ML",
      "price": 27000,
      "salePrice": 21600,
      "score": "4.8",
      "review": "1,560",
      "tag": [{ "name": "세일" }, { "name": "증정" }, { "name": "오늘드림" }],
      "img": "/productimg/product89.jpg",
      "category": "skincare"
    },
    {
      "id": 90,
      "company": "유이크",
      "title": "[스칼렛언니PICK]유이크 바이옴 베리어 콜라겐 퍼밍 클렌징밤 100ml",
      "price": 28000,
      "salePrice": 21500,
      "score": "4.8",
      "review": "1,560",
      "tag": [{ "name": "세일" }, { "name": "오늘드림" }],
      "img": "/productimg/product90.jpg",
      "category": "skincare"
    }
  ]
}
